Product_ID,Product Name,Category,Order Year,Stock,Release Date
1,Gekko Costume Set PJ Masks,COST-M,2020,10,9/24/2018
2,Superman Costume for Kids (Satin),COST-M,2020,10,11/23/2018
3,Transformers Bumblebee Costume for Kids,COST-M,2020,10,11/23/2018
4,"Power Rangers Costume for Kids (Colors: Red, Blue, Yellow)",COST-M,2020,10,11/23/2018
5,Iron Man Costume for Kids with Mask,COST-M,2020,10,2/11/2019
6,Red Cars Costume for Kids,COST-M,2020,10,2/11/2019
7,Batman Costume for Kids (Satin),COST-M,2020,10,12/17/2018
8,Captain America Costume for Kids (Satin),COST-M,2020,10,4/29/2019
9,Muscle Batman Costume for Kids,COST-M,2020,10,4/29/2019
10,Army Military Costume Set for Kids with Cap,COST-M,2020,10,4/29/2019
11,Red and White Dress for Babies (Ages 4-22 months),DRSS,2020,10,4/29/2019
12,Thor Costume for Kids with Mask and Cape,COST-M,2020,10,4/29/2019
13,Muscle Captain America Costume for Kids,COST-M,2020,10,4/29/2019
14,Superman Overall for Babies (Ages 6-24 months),BABY,2020,10,2/25/2019
15,Ninja Turtle Costume for Kids with Mask and Shell,COST-M,2020,10,2/25/2019
16,Minnie Mouse Red Polka Dots Dress Costume for Kids,COST-W,2020,10,2/25/2019
17,Muscle Superman Costume for Kids,COST-M,2020,10,2/25/2019
18,Muscle Iron Man Costume for Kids with Mask,COST-M,2020,10,2/25/2019
19,Darna Costume for Kids,COST-W,2020,10,2/25/2019
20,Pink or Red Gingham Checkered Dress for Girls (Ages 6-11),DRSS,2020,10,2/25/2019
21,Catboy Costume Set PJ Masks,COST-M,2020,10,2/25/2019
22,Cream Baptismal Set for Boy with Shoes and Cap,BABY,2020,10,2/25/2019
23,Superman Jacket for Boys Ages 4-10 (jacket can turn into a bag),COST-M,2020,10,2/25/2019
24,[ Adult ] Batman Costume with Cape,COST-M,2020,10,9/24/2018
25,Captain America Overall for Baby,BABY,2020,10,11/23/2018
26,Santa Girl Costume for Kids,COST-W,2020,10,2/11/2019
27,Spider-man Costume for Kids (Satin),COST-M,2020,10,2/11/2019
28,Spongebob Backpack for Kids,BAG,2020,10,12/17/2018
29,Bat Girl Costume for Kids with Mask and Cape (Cotton),COST-M,2020,10,4/29/2019
30,White Baptismal Set for Girl with Shoes and Cap,BABY,2020,10,4/29/2019
31,Muscle Spider-man Costume for Kids,COST-M,2020,10,4/29/2019
32,5 Digit Combination Lock,LOCK,2020,10,2/25/2019
33,Batman Swimsuit for Kids,COST-M,2020,10,2/25/2019
34,Owlette Costume PJ Masks for Kids,COST-W,2020,10,2/25/2019
35,Iron Man Costume for Kids with Mask (Satin),COST-M,2020,10,2/25/2019
36,Animal Costume Elephant for Kids,COST-M,2020,10,2/25/2019
37,Wonder Woman Costume for Kids with Wrist and Head Band,COST-W,2020,10,2/25/2019
38,Red Cars Costume for Kids (Satin),COST-M,2020,10,2/25/2019
39,"Superhero Masks - Thor, Ironman, Bumblebee",MASK,2020,10,9/24/2018
40,Toy Gun Rifle for Kids with Lights and Sounds,TOY,2020,10,11/23/2018
41,Army Costume for Kids with Cap,COST-M,2020,10,2/11/2019
42,Animal Costume Panda for Kids,COST-M,2020,10,2/11/2019
43,Thor Toy Hammer for Kids,TOY,2020,10,12/17/2018
44,Muscle Hulk Costume for Kids with Mask,COST-M,2020,10,12/17/2018
45,Animal Costume Rooster for Kids,COST-M,2020,10,4/29/2019
46,Animal Costume Spotted Dog for Kids,COST-M,2020,10,4/29/2019
47,"Princess Anna Accessories (Crown, Wand, and Hair)",TOY,2020,10,4/29/2019
48,Snake Animal Costume for Kids,COST-M,2020,10,4/29/2019
49,Wonder Woman Costume for Kids with Mask and Cape,COST-W,2020,10,4/29/2019
50,Animal Costume Giraffe for Kids,COST-M,2020,10,2/25/2019
51,Sofia Crown for Kids Pink or Purple,TOY,2020,10,2/25/2019
52,Captain America Onesie Overall for Baby (Ages 6-24 months),COST-M,2020,10,2/25/2019
53,"Princess Elsa Accessories (Crown, Wand, and Hair)",TOY,2020,10,2/25/2019
54,Squid Game Guard Costume for Kids with Mask and Toy,MASK,2020,10,2/25/2019
55,Animal Costume Tiger for Kids,COST-M,2020,10,9/24/2018
56,Muscle Thor Costume for Kids with Mask and Cape,COST-M,2020,10,2/11/2019
57,Squid Game Masks for Kids,MASK,2020,10,12/17/2018
58,[ Adult ] Superman Costume with Cape,COST-M,2020,10,12/17/2018
59,Squid Game Masks for Adult,COST-M,2020,10,4/29/2019
60,Cars Brief for Boy (3-in-1 or per peice),COST-M,2020,10,4/29/2019
61,Spider-man Onesie Overall for Baby (Ages 6-24 months),COST-M,2020,10,4/29/2019
62,Transformers Bumblebee Costume for Kids with mask,COST-M,2020,10,4/29/2019
63,Captain America Pajamas for Boy (Ages 6 to 12),COST-M,2020,10,4/29/2019
64,Spider-man Costume for Kids (Cotton),COST-M,2020,10,2/25/2019
65,Animal Costume Dragon for Kids,COST-M,2020,10,2/25/2019
66,Animal Costume Zebra for Kids,COST-M,2020,10,2/25/2019
67,Animal Costume Ox for Kids,COST-M,2020,10,2/25/2019
68,Muscle Thor Costume for Kids,COST-M,2020,10,2/25/2019
69,Animal Costume Rabbit for Kids,COST-M,2020,10,2/25/2019
70,Bumblebee Swimsuit Costume for Kids Yellow,COST-M,2020,10,2/25/2019
71,Captain America Shield Toy for Kids PVC Plastic,COST-M,2020,10,2/25/2019
72,Dog Costume for Kids Yellow,COST-M,2020,10,9/24/2018
73,Animal Costume Duck for Kids,COST-M,2020,10,11/23/2018
74,Thor Costume for Kids,COST-M,2020,10,11/23/2018
75,Ben 10 Pajamas for Boys (Ages 4 to 10),COST-M,2020,10,2/11/2019
76,Chinese Dress for Kids (Cheongsam),DRSS,2020,10,2/11/2019
77,Gekko Costume Set PJ Masks,COST-M,2022,20,12/17/2018
78,Superman Costume for Kids (Satin),COST-M,2022,20,12/17/2018
79,Transformers Bumblebee Costume for Kids,COST-M,2022,20,4/29/2019
80,"Power Rangers Costume for Kids (Colors: Red, Blue, Yellow)",COST-M,2022,20,4/29/2019
81,Iron Man Costume for Kids with Mask,COST-M,2022,20,4/29/2019
82,Red Cars Costume for Kids,COST-M,2022,20,4/29/2019
83,Batman Costume for Kids (Satin),COST-M,2022,20,4/29/2019
84,Captain America Costume for Kids (Satin),COST-M,2022,20,4/29/2019
85,Muscle Batman Costume for Kids,COST-M,2022,20,4/29/2019
86,Army Military Costume Set for Kids with Cap,COST-M,2022,20,2/25/2019
87,Red and White Dress for Babies (Ages 4-22 months),DRSS,2022,20,2/25/2019
88,Thor Costume for Kids with Mask and Cape,COST-M,2022,20,2/25/2019
89,Muscle Captain America Costume for Kids,COST-M,2022,20,2/25/2019
90,Superman Overall for Babies (Ages 6-24 months),BABY,2022,20,2/25/2019
91,Ninja Turtle Costume for Kids with Mask and Shell,COST-M,2022,20,2/25/2019
92,Minnie Mouse Red Polka Dots Dress Costume for Kids,COST-W,2022,20,2/25/2019
93,Muscle Superman Costume for Kids,COST-M,2022,20,2/25/2019
94,Muscle Iron Man Costume for Kids with Mask,COST-M,2022,20,9/24/2018
95,Darna Costume for Kids,COST-W,2022,20,11/23/2018
96,Pink or Red Gingham Checkered Dress for Girls (Ages 6-11),DRSS,2022,20,11/23/2018
97,Catboy Costume Set PJ Masks,COST-M,2022,20,2/11/2019
98,Cream Baptismal Set for Boy with Shoes and Cap,BABY,2022,20,2/11/2019
99,Superman Jacket for Boys Ages 4-10 (jacket can turn into a bag),COST-M,2022,20,12/17/2018
100,[ Adult ] Batman Costume with Cape,COST-M,2022,20,12/17/2018
101,Captain America Overall for Baby,BABY,2022,20,4/29/2019
102,Santa Girl Costume for Kids,COST-W,2022,20,4/29/2019
103,Spider-man Costume for Kids (Satin),COST-M,2022,20,4/29/2019
104,Spongebob Backpack for Kids,BAG,2022,20,4/29/2019
105,Bat Girl Costume for Kids with Mask and Cape (Cotton),COST-M,2022,20,4/29/2019
106,White Baptismal Set for Girl with Shoes and Cap,BABY,2022,20,2/25/2019
107,Muscle Spider-man Costume for Kids,COST-M,2022,20,2/25/2019
108,5 Digit Combination Lock,LOCK,2022,20,2/25/2019
109,Batman Swimsuit for Kids,COST-M,2022,20,2/25/2019
110,Owlette Costume PJ Masks for Kids,COST-W,2022,20,2/25/2019
111,Iron Man Costume for Kids with Mask (Satin),COST-M,2022,20,2/25/2019
112,Animal Costume Elephant for Kids,COST-M,2022,20,2/25/2019
113,Wonder Woman Costume for Kids with Wrist and Head Band,COST-W,2022,20,11/13/2017
114,Red Cars Costume for Kids (Satin),COST-M,2022,20,9/24/2018
115,"Superhero Masks - Thor, Ironman, Bumblebee",MASK,2022,20,11/23/2018
116,Toy Gun Rifle for Kids with Lights and Sounds,TOY,2022,20,2/11/2019
117,Army Costume for Kids with Cap,COST-M,2022,20,2/11/2019
118,Animal Costume Panda for Kids,COST-M,2022,20,2/11/2019
119,Thor Toy Hammer for Kids,TOY,2022,20,2/11/2019
120,Muscle Hulk Costume for Kids with Mask,COST-M,2022,20,12/17/2018
121,Animal Costume Rooster for Kids,COST-M,2022,20,4/29/2019
122,Animal Costume Spotted Dog for Kids,COST-M,2022,20,4/29/2019
123,"Princess Anna Accessories (Crown, Wand, and Hair)",TOY,2022,20,4/29/2019
124,Snake Animal Costume for Kids,COST-M,2022,20,4/29/2019
125,Wonder Woman Costume for Kids with Mask and Cape,COST-W,2022,20,2/25/2019
126,Animal Costume Giraffe for Kids,COST-M,2022,20,2/25/2019
127,Sofia Crown for Kids Pink or Purple,TOY,2022,20,2/25/2019
128,Captain America Onesie Overall for Baby (Ages 6-24 months),COST-M,2022,20,2/25/2019
129,"Princess Elsa Accessories (Crown, Wand, and Hair)",TOY,2022,20,9/9/2019
130,Squid Game Guard Costume for Kids with Mask and Toy,MASK,2022,20,9/9/2019
131,Animal Costume Tiger for Kids,COST-M,2022,20,9/9/2019
132,Muscle Thor Costume for Kids with Mask and Cape,COST-M,2022,20,9/9/2019
133,Squid Game Masks for Kids,MASK,2022,20,9/9/2019
134,[ Adult ] Superman Costume with Cape,COST-M,2022,20,9/24/2018
135,Squid Game Masks for Adult,COST-M,2022,20,2/11/2019
136,Cars Brief for Boy (3-in-1 or per peice),COST-M,2022,20,2/11/2019
137,Spider-man Onesie Overall for Baby (Ages 6-24 months),COST-M,2022,20,12/17/2018
138,Transformers Bumblebee Costume for Kids with mask,COST-M,2022,20,12/17/2018
139,Captain America Pajamas for Boy (Ages 6 to 12),COST-M,2022,20,4/29/2019
140,Spider-man Costume for Kids (Cotton),COST-M,2022,20,4/29/2019
141,Animal Costume Dragon for Kids,COST-M,2022,20,4/29/2019
142,Animal Costume Zebra for Kids,COST-M,2022,20,4/29/2019
143,Animal Costume Ox for Kids,COST-M,2022,20,2/25/2019
144,Muscle Thor Costume for Kids,COST-M,2022,20,2/25/2019
145,Animal Costume Rabbit for Kids,COST-M,2022,20,2/25/2019
146,Bumblebee Swimsuit Costume for Kids Yellow,COST-M,2022,20,2/25/2019
147,Captain America Shield Toy for Kids PVC Plastic,COST-M,2022,20,2/25/2019
148,Dog Costume for Kids Yellow,COST-M,2022,20,2/25/2019
149,Animal Costume Duck for Kids,COST-M,2022,20,2/25/2019
150,Thor Costume for Kids,COST-M,2022,20,9/9/2019
151,Ben 10 Pajamas for Boys (Ages 4 to 10),COST-M,2022,20,9/9/2019
152,Chinese Dress for Kids (Cheongsam),DRSS,2022,20,9/9/2019
153,Gekko Costume Set PJ Masks,COST-M,2021,10,9/24/2018
154,Superman Costume for Kids (Satin),COST-M,2021,10,11/23/2018
155,Transformers Bumblebee Costume for Kids,COST-M,2021,10,11/23/2018
156,"Power Rangers Costume for Kids (Colors: Red, Blue, Yellow)",COST-M,2021,10,11/23/2018
157,Iron Man Costume for Kids with Mask,COST-M,2021,10,2/11/2019
158,Red Cars Costume for Kids,COST-M,2021,10,2/11/2019
159,Batman Costume for Kids (Satin),COST-M,2021,10,12/17/2018
160,Captain America Costume for Kids (Satin),COST-M,2021,10,4/29/2019
161,Muscle Batman Costume for Kids,COST-M,2021,10,4/29/2019
162,Army Military Costume Set for Kids with Cap,COST-M,2021,10,4/29/2019
163,Red and White Dress for Babies (Ages 4-22 months),DRSS,2021,10,4/29/2019
164,Thor Costume for Kids with Mask and Cape,COST-M,2021,10,4/29/2019
165,Muscle Captain America Costume for Kids,COST-M,2021,10,4/29/2019
166,Superman Overall for Babies (Ages 6-24 months),BABY,2021,10,2/25/2019
167,Ninja Turtle Costume for Kids with Mask and Shell,COST-M,2021,10,2/25/2019
168,Minnie Mouse Red Polka Dots Dress Costume for Kids,COST-W,2021,10,2/25/2019
169,Muscle Superman Costume for Kids,COST-M,2021,10,2/25/2019
170,Muscle Iron Man Costume for Kids with Mask,COST-M,2021,10,2/25/2019
171,Darna Costume for Kids,COST-W,2021,10,2/25/2019
172,Pink or Red Gingham Checkered Dress for Girls (Ages 6-11),DRSS,2021,10,2/25/2019
173,Catboy Costume Set PJ Masks,COST-M,2021,10,2/25/2019
174,Cream Baptismal Set for Boy with Shoes and Cap,BABY,2021,10,2/25/2019
175,Superman Jacket for Boys Ages 4-10 (jacket can turn into a bag),COST-M,2021,10,2/25/2019
176,[ Adult ] Batman Costume with Cape,COST-M,2021,10,9/24/2018
177,Captain America Overall for Baby,BABY,2021,10,11/23/2018
178,Santa Girl Costume for Kids,COST-W,2021,10,2/11/2019
179,Spider-man Costume for Kids (Satin),COST-M,2021,10,2/11/2019
180,Spongebob Backpack for Kids,BAG,2021,10,12/17/2018
181,Bat Girl Costume for Kids with Mask and Cape (Cotton),COST-M,2021,10,4/29/2019
182,White Baptismal Set for Girl with Shoes and Cap,BABY,2021,10,4/29/2019
183,Muscle Spider-man Costume for Kids,COST-M,2021,10,4/29/2019
184,5 Digit Combination Lock,LOCK,2021,10,2/25/2019
185,Batman Swimsuit for Kids,COST-M,2021,10,2/25/2019
186,Owlette Costume PJ Masks for Kids,COST-W,2021,10,2/25/2019
187,Iron Man Costume for Kids with Mask (Satin),COST-M,2021,10,2/25/2019
188,Animal Costume Elephant for Kids,COST-M,2021,10,2/25/2019
189,Wonder Woman Costume for Kids with Wrist and Head Band,COST-W,2021,10,2/25/2019
190,Red Cars Costume for Kids (Satin),COST-M,2021,10,2/25/2019
191,"Superhero Masks - Thor, Ironman, Bumblebee",MASK,2021,10,9/24/2018
192,Toy Gun Rifle for Kids with Lights and Sounds,TOY,2021,10,11/23/2018
193,Army Costume for Kids with Cap,COST-M,2021,10,2/11/2019
194,Animal Costume Panda for Kids,COST-M,2021,10,2/11/2019
195,Thor Toy Hammer for Kids,TOY,2021,10,12/17/2018
196,Muscle Hulk Costume for Kids with Mask,COST-M,2021,10,12/17/2018
197,Animal Costume Rooster for Kids,COST-M,2021,10,4/29/2019
198,Animal Costume Spotted Dog for Kids,COST-M,2021,10,4/29/2019
199,"Princess Anna Accessories (Crown, Wand, and Hair)",TOY,2021,10,4/29/2019
200,Snake Animal Costume for Kids,COST-M,2021,10,4/29/2019
201,Wonder Woman Costume for Kids with Mask and Cape,COST-W,2021,10,4/29/2019
202,Animal Costume Giraffe for Kids,COST-M,2021,10,2/25/2019
203,Sofia Crown for Kids Pink or Purple,TOY,2021,10,2/25/2019
204,Captain America Onesie Overall for Baby (Ages 6-24 months),COST-M,2021,10,2/25/2019
205,"Princess Elsa Accessories (Crown, Wand, and Hair)",TOY,2021,10,2/25/2019
206,Squid Game Guard Costume for Kids with Mask and Toy,MASK,2021,10,2/25/2019
207,Animal Costume Tiger for Kids,COST-M,2021,10,9/24/2018
208,Muscle Thor Costume for Kids with Mask and Cape,COST-M,2021,10,2/11/2019
209,Squid Game Masks for Kids,MASK,2021,10,12/17/2018
210,[ Adult ] Superman Costume with Cape,COST-M,2021,10,12/17/2018
211,Squid Game Masks for Adult,COST-M,2021,10,4/29/2019
212,Cars Brief for Boy (3-in-1 or per peice),COST-M,2021,10,4/29/2019
213,Spider-man Onesie Overall for Baby (Ages 6-24 months),COST-M,2021,10,4/29/2019
214,Transformers Bumblebee Costume for Kids with mask,COST-M,2021,10,4/29/2019
215,Captain America Pajamas for Boy (Ages 6 to 12),COST-M,2021,10,4/29/2019
216,Spider-man Costume for Kids (Cotton),COST-M,2021,10,2/25/2019
217,Animal Costume Dragon for Kids,COST-M,2021,10,2/25/2019
218,Animal Costume Zebra for Kids,COST-M,2021,10,2/25/2019
219,Animal Costume Ox for Kids,COST-M,2021,10,2/25/2019
220,Muscle Thor Costume for Kids,COST-M,2021,10,2/25/2019
221,Animal Costume Rabbit for Kids,COST-M,2021,10,2/25/2019
222,Bumblebee Swimsuit Costume for Kids Yellow,COST-M,2021,10,2/25/2019
223,Captain America Shield Toy for Kids PVC Plastic,COST-M,2021,10,2/25/2019
224,Dog Costume for Kids Yellow,COST-M,2021,10,9/24/2018
225,Animal Costume Duck for Kids,COST-M,2021,10,11/23/2018
226,Thor Costume for Kids,COST-M,2021,10,11/23/2018
227,Ben 10 Pajamas for Boys (Ages 4 to 10),COST-M,2021,10,2/11/2019
228,Chinese Dress for Kids (Cheongsam),DRSS,2021,10,2/11/2019
229,Gekko Costume Set PJ Masks,COST-M,2023,10,9/24/2018
230,Superman Costume for Kids (Satin),COST-M,2023,10,11/23/2018
231,Transformers Bumblebee Costume for Kids,COST-M,2023,10,11/23/2018
232,"Power Rangers Costume for Kids (Colors: Red, Blue, Yellow)",COST-M,2023,10,11/23/2018
233,Iron Man Costume for Kids with Mask,COST-M,2023,10,2/11/2019
234,Red Cars Costume for Kids,COST-M,2023,10,2/11/2019
235,Batman Costume for Kids (Satin),COST-M,2023,10,12/17/2018
236,Captain America Costume for Kids (Satin),COST-M,2023,10,4/29/2019
237,Muscle Batman Costume for Kids,COST-M,2023,10,4/29/2019
238,Army Military Costume Set for Kids with Cap,COST-M,2023,10,4/29/2019
239,Red and White Dress for Babies (Ages 4-22 months),DRSS,2023,10,4/29/2019
240,Thor Costume for Kids with Mask and Cape,COST-M,2023,10,4/29/2019
241,Muscle Captain America Costume for Kids,COST-M,2023,10,4/29/2019
242,Superman Overall for Babies (Ages 6-24 months),BABY,2023,10,2/25/2019
243,Ninja Turtle Costume for Kids with Mask and Shell,COST-M,2023,10,2/25/2019
244,Minnie Mouse Red Polka Dots Dress Costume for Kids,COST-W,2023,10,2/25/2019
245,Muscle Superman Costume for Kids,COST-M,2023,10,2/25/2019
246,Muscle Iron Man Costume for Kids with Mask,COST-M,2023,10,2/25/2019
247,Darna Costume for Kids,COST-W,2023,10,2/25/2019
248,Pink or Red Gingham Checkered Dress for Girls (Ages 6-11),DRSS,2023,10,2/25/2019
249,Catboy Costume Set PJ Masks,COST-M,2023,10,2/25/2019
250,Cream Baptismal Set for Boy with Shoes and Cap,BABY,2023,10,2/25/2019
251,Superman Jacket for Boys Ages 4-10 (jacket can turn into a bag),COST-M,2023,10,2/25/2019
252,[ Adult ] Batman Costume with Cape,COST-M,2023,10,9/24/2018
253,Captain America Overall for Baby,BABY,2023,10,11/23/2018
254,Santa Girl Costume for Kids,COST-W,2023,10,2/11/2019
255,Spider-man Costume for Kids (Satin),COST-M,2023,10,2/11/2019
256,Spongebob Backpack for Kids,BAG,2023,10,12/17/2018
257,Bat Girl Costume for Kids with Mask and Cape (Cotton),COST-M,2023,10,4/29/2019
258,White Baptismal Set for Girl with Shoes and Cap,BABY,2023,10,4/29/2019
259,Muscle Spider-man Costume for Kids,COST-M,2023,10,4/29/2019
260,5 Digit Combination Lock,LOCK,2023,10,2/25/2019
261,Batman Swimsuit for Kids,COST-M,2023,10,2/25/2019
262,Owlette Costume PJ Masks for Kids,COST-W,2023,10,2/25/2019
263,Iron Man Costume for Kids with Mask (Satin),COST-M,2023,10,2/25/2019
264,Animal Costume Elephant for Kids,COST-M,2023,10,2/25/2019
265,Wonder Woman Costume for Kids with Wrist and Head Band,COST-W,2023,10,2/25/2019
266,Red Cars Costume for Kids (Satin),COST-M,2023,10,2/25/2019
267,"Superhero Masks - Thor, Ironman, Bumblebee",MASK,2023,10,9/24/2018
268,Toy Gun Rifle for Kids with Lights and Sounds,TOY,2023,10,11/23/2018
269,Army Costume for Kids with Cap,COST-M,2023,10,2/11/2019
270,Animal Costume Panda for Kids,COST-M,2023,10,2/11/2019
271,Thor Toy Hammer for Kids,TOY,2023,10,12/17/2018
272,Muscle Hulk Costume for Kids with Mask,COST-M,2023,10,12/17/2018
273,Animal Costume Rooster for Kids,COST-M,2023,10,4/29/2019
274,Animal Costume Spotted Dog for Kids,COST-M,2023,10,4/29/2019
275,"Princess Anna Accessories (Crown, Wand, and Hair)",TOY,2023,10,4/29/2019
276,Snake Animal Costume for Kids,COST-M,2023,10,4/29/2019
277,Wonder Woman Costume for Kids with Mask and Cape,COST-W,2023,10,4/29/2019
278,Animal Costume Giraffe for Kids,COST-M,2023,10,2/25/2019
279,Sofia Crown for Kids Pink or Purple,TOY,2023,10,2/25/2019
280,Captain America Onesie Overall for Baby (Ages 6-24 months),COST-M,2023,10,2/25/2019
281,"Princess Elsa Accessories (Crown, Wand, and Hair)",TOY,2023,10,2/25/2019
282,Squid Game Guard Costume for Kids with Mask and Toy,MASK,2023,10,2/25/2019
283,Animal Costume Tiger for Kids,COST-M,2023,10,9/24/2018
284,Muscle Thor Costume for Kids with Mask and Cape,COST-M,2023,10,2/11/2019
285,Squid Game Masks for Kids,MASK,2023,10,12/17/2018
286,[ Adult ] Superman Costume with Cape,COST-M,2023,10,12/17/2018
287,Squid Game Masks for Adult,COST-M,2023,10,4/29/2019
288,Cars Brief for Boy (3-in-1 or per peice),COST-M,2023,10,4/29/2019
289,Spider-man Onesie Overall for Baby (Ages 6-24 months),COST-M,2023,10,4/29/2019
290,Transformers Bumblebee Costume for Kids with mask,COST-M,2023,10,4/29/2019
291,Captain America Pajamas for Boy (Ages 6 to 12),COST-M,2023,10,4/29/2019
292,Spider-man Costume for Kids (Cotton),COST-M,2023,10,2/25/2019
293,Animal Costume Dragon for Kids,COST-M,2023,10,2/25/2019
294,Animal Costume Zebra for Kids,COST-M,2023,10,2/25/2019
295,Animal Costume Ox for Kids,COST-M,2023,10,2/25/2019
296,Muscle Thor Costume for Kids,COST-M,2023,10,2/25/2019
297,Animal Costume Rabbit for Kids,COST-M,2023,10,2/25/2019
298,Bumblebee Swimsuit Costume for Kids Yellow,COST-M,2023,10,2/25/2019
299,Captain America Shield Toy for Kids PVC Plastic,COST-M,2023,10,2/25/2019
300,Dog Costume for Kids Yellow,COST-M,2023,10,9/24/2018
301,Animal Costume Duck for Kids,COST-M,2023,10,11/23/2018
302,Thor Costume for Kids,COST-M,2023,10,11/23/2018
303,Ben 10 Pajamas for Boys (Ages 4 to 10),COST-M,2023,10,2/11/2019
304,Chinese Dress for Kids (Cheongsam),DRSS,2023,10,2/11/2019
